x,y,corr
1stFlrSF,1stFlrSF,1.0
1stFlrSF,GarageArea,0.4897816541041915
1stFlrSF,GrLivArea,0.5660239689357487
1stFlrSF,LotArea,0.29947457850776354
1stFlrSF,LotFrontage,0.4571810019946558
1stFlrSF,MasVnrArea,0.3445007468899201
1stFlrSF,OverallQual,0.4762238290781775
1stFlrSF,SalePrice,0.6058521846919166
1stFlrSF,TotalBsmtSF,0.8195299750050355
1stFlrSF,YearBuilt,0.28198585869980175
GarageArea,1stFlrSF,0.4897816541041915
GarageArea,GarageArea,1.0
GarageArea,GrLivArea,0.4689974773229643
GarageArea,LotArea,0.18040275515111656
GarageArea,LotFrontage,0.34499672410648324
GarageArea,MasVnrArea,0.37306648160023304
GarageArea,OverallQual,0.5620217566126064
GarageArea,SalePrice,0.6234314389183598
GarageArea,TotalBsmtSF,0.48666546377379655
GarageArea,YearBuilt,0.4789538198934912
GrLivArea,1stFlrSF,0.5660239689357487
GrLivArea,GarageArea,0.4689974773229643
GrLivArea,GrLivArea,1.0
GrLivArea,LotArea,0.26311616716714836
GrLivArea,LotFrontage,0.40279741408532066
GrLivArea,MasVnrArea,0.3908566397384352
GrLivArea,OverallQual,0.5930074300286511
GrLivArea,SalePrice,0.7086244776126511
GrLivArea,TotalBsmtSF,0.4548682025479028
GrLivArea,YearBuilt,0.1990097136764581
LotArea,1stFlrSF,0.29947457850776354
LotArea,GarageArea,0.18040275515111656
LotArea,GrLivArea,0.26311616716714836
LotArea,LotArea,1.0
LotArea,LotFrontage,0.4260950187718087
LotArea,MasVnrArea,0.10415982154021164
LotArea,OverallQual,0.10580574175496442
LotArea,SalePrice,0.2638433538714063
LotArea,TotalBsmtSF,0.26083313454515794
LotArea,YearBuilt,0.014227651757024678
LotFrontage,1stFlrSF,0.4571810019946558
LotFrontage,GarageArea,0.34499672410648324
LotFrontage,GrLivArea,0.40279741408532066
LotFrontage,LotArea,0.4260950187718087
LotFrontage,LotFrontage,1.0
LotFrontage,MasVnrArea,0.19345806055826895
LotFrontage,OverallQual,0.25164577548061245
LotFrontage,SalePrice,0.35179909657067854
LotFrontage,TotalBsmtSF,0.39207457637917215
LotFrontage,YearBuilt,0.12334946703331695
MasVnrArea,1stFlrSF,0.3445007468899201
MasVnrArea,GarageArea,0.37306648160023304
MasVnrArea,GrLivArea,0.3908566397384352
MasVnrArea,LotArea,0.10415982154021164
MasVnrArea,LotFrontage,0.19345806055826895
MasVnrArea,MasVnrArea,1.0
MasVnrArea,OverallQual,0.41187566727767955
MasVnrArea,SalePrice,0.4774930470957107
MasVnrArea,TotalBsmtSF,0.3639362217744695
MasVnrArea,YearBuilt,0.31570706243619523
OverallQual,1stFlrSF,0.4762238290781775
OverallQual,GarageArea,0.5620217566126064
OverallQual,GrLivArea,0.5930074300286511
OverallQual,LotArea,0.10580574175496442
OverallQual,LotFrontage,0.25164577548061245
OverallQual,MasVnrArea,0.41187566727767955
OverallQual,OverallQual,1.0
OverallQual,SalePrice,0.7909816005838047
OverallQual,TotalBsmtSF,0.5378084986123927
OverallQual,YearBuilt,0.572322768962362
SalePrice,1stFlrSF,0.6058521846919166
SalePrice,GarageArea,0.6234314389183598
SalePrice,GrLivArea,0.7086244776126511
SalePrice,LotArea,0.2638433538714063
SalePrice,LotFrontage,0.35179909657067854
SalePrice,MasVnrArea,0.4774930470957107
SalePrice,OverallQual,0.7909816005838047
SalePrice,SalePrice,1.0
SalePrice,TotalBsmtSF,0.6135805515591944
SalePrice,YearBuilt,0.5228973328794967
TotalBsmtSF,1stFlrSF,0.8195299750050355
TotalBsmtSF,GarageArea,0.48666546377379655
TotalBsmtSF,GrLivArea,0.4548682025479028
TotalBsmtSF,LotArea,0.26083313454515794
TotalBsmtSF,LotFrontage,0.39207457637917215
TotalBsmtSF,MasVnrArea,0.3639362217744695
TotalBsmtSF,OverallQual,0.5378084986123927
TotalBsmtSF,SalePrice,0.6135805515591944
TotalBsmtSF,TotalBsmtSF,1.0
TotalBsmtSF,YearBuilt,0.39145200206609476
YearBuilt,1stFlrSF,0.28198585869980175
YearBuilt,GarageArea,0.4789538198934912
YearBuilt,GrLivArea,0.1990097136764581
YearBuilt,LotArea,0.014227651757024678
YearBuilt,LotFrontage,0.12334946703331695
YearBuilt,MasVnrArea,0.31570706243619523
YearBuilt,OverallQual,0.572322768962362
YearBuilt,SalePrice,0.5228973328794967
YearBuilt,TotalBsmtSF,0.39145200206609476
YearBuilt,YearBuilt,1.0